id,firstname,lastname,email
100,Nananne,Malvino,Nananne.Malvino@specialisterne.dk
101,Kimberley,Dielu,Kimberley.Dielu@specialisterne.dk
102,Roseline,Jefferey,Roseline.Jefferey@specialisterne.dk
103,Rhea,Docilla,Rhea.Docilla@specialisterne.dk
104,Korrie,Eliathas,Korrie.Eliathas@specialisterne.dk
105,Trixi,Teryn,Trixi.Teryn@specialisterne.dk
106,Kristan,Giule,Kristan.Giule@specialisterne.dk
107,Lexine,Ogren,Lexine.Ogren@specialisterne.dk
108,Maisey,Lanita,Maisey.Lanita@specialisterne.dk
109,Mathilda,Chinua,Mathilda.Chinua@specialisterne.dk
110,Lynde,Westphal,Lynde.Westphal@specialisterne.dk
111,Reeba,Adore,Reeba.Adore@specialisterne.dk
112,Tomasina,Swanhildas,Tomasina.Swanhildas@specialisterne.dk
113,Yolane,Ventre,Yolane.Ventre@specialisterne.dk
114,Sindee,Engdahl,Sindee.Engdahl@specialisterne.dk
115,Carilyn,Giff,Carilyn.Giff@specialisterne.dk
116,Tomasina,Yate,Tomasina.Yate@specialisterne.dk
117,Sue,Olin,Sue.Olin@specialisterne.dk
118,Korrie,Kress,Korrie.Kress@specialisterne.dk
119,Bobbi,McCutcheon,Bobbi.McCutcheon@specialisterne.dk
120,Millie,Cyrie,Millie.Cyrie@specialisterne.dk
121,Jordan,Ardeha,Jordan.Ardeha@specialisterne.dk
122,Heddie,Meter,Heddie.Meter@specialisterne.dk
123,Cathyleen,Cherianne,Cathyleen.Cherianne@specialisterne.dk
124,Kary,Lymann,Kary.Lymann@specialisterne.dk
125,Susette,Norvol,Susette.Norvol@specialisterne.dk
126,Rani,Trinetta,Rani.Trinetta@specialisterne.dk
127,Belinda,Lutero,Belinda.Lutero@specialisterne.dk
128,Kate,Lacombe,Kate.Lacombe@specialisterne.dk
129,Melanie,Lunsford,Melanie.Lunsford@specialisterne.dk
130,Kittie,Haerr,Kittie.Haerr@specialisterne.dk
131,Caressa,Jenness,Caressa.Jenness@specialisterne.dk
132,Dorthy,Sibyls,Dorthy.Sibyls@specialisterne.dk
133,Henriette,Howlyn,Henriette.Howlyn@specialisterne.dk
134,Ardenia,Guildroy,Ardenia.Guildroy@specialisterne.dk
135,Aeriela,Rudolph,Aeriela.Rudolph@specialisterne.dk
136,Dulcinea,Pattin,Dulcinea.Pattin@specialisterne.dk
137,Annaliese,Helfand,Annaliese.Helfand@specialisterne.dk
138,Elora,Daegal,Elora.Daegal@specialisterne.dk
139,Joleen,Sprage,Joleen.Sprage@specialisterne.dk
140,Katuscha,Shaver,Katuscha.Shaver@specialisterne.dk
141,Dagmar,Glovsky,Dagmar.Glovsky@specialisterne.dk
142,Micheline,Braun,Micheline.Braun@specialisterne.dk
143,Eolanda,Lauraine,Eolanda.Lauraine@specialisterne.dk
144,Benita,Dermott,Benita.Dermott@specialisterne.dk
145,Fanny,Oriana,Fanny.Oriana@specialisterne.dk
146,Marita,Odysseus,Marita.Odysseus@specialisterne.dk
147,Renae,Melleta,Renae.Melleta@specialisterne.dk
148,Mureil,Poppy,Mureil.Poppy@specialisterne.dk
149,Jaclyn,Orlene,Jaclyn.Orlene@specialisterne.dk
150,Drucie,Lea,Drucie.Lea@specialisterne.dk
151,Elfreda,Burch,Elfreda.Burch@specialisterne.dk
152,Karina,Blisse,Karina.Blisse@specialisterne.dk
153,Henriette,Vary,Henriette.Vary@specialisterne.dk
154,Kirstin,Poppy,Kirstin.Poppy@specialisterne.dk
155,Claresta,Amasa,Claresta.Amasa@specialisterne.dk
156,Albertina,Strephon,Albertina.Strephon@specialisterne.dk
157,Pollyanna,Oster,Pollyanna.Oster@specialisterne.dk
158,Aurore,Pitt,Aurore.Pitt@specialisterne.dk
159,Peri,Wildermuth,Peri.Wildermuth@specialisterne.dk
160,Stacey,Deny,Stacey.Deny@specialisterne.dk
161,Amii,Gerge,Amii.Gerge@specialisterne.dk
162,Jaclyn,Fleeta,Jaclyn.Fleeta@specialisterne.dk
163,Oona,Elisha,Oona.Elisha@specialisterne.dk
164,Tomasina,Natica,Tomasina.Natica@specialisterne.dk
165,Joeann,Colp,Joeann.Colp@specialisterne.dk
166,Corina,Sperling,Corina.Sperling@specialisterne.dk
167,Xylina,Guthrie,Xylina.Guthrie@specialisterne.dk
168,Flo,Mauer,Flo.Mauer@specialisterne.dk
169,Romona,Haerr,Romona.Haerr@specialisterne.dk
170,Kore,Alcott,Kore.Alcott@specialisterne.dk
171,Kittie,Bearnard,Kittie.Bearnard@specialisterne.dk
172,Olwen,Ivens,Olwen.Ivens@specialisterne.dk
173,Tomasina,Vanni,Tomasina.Vanni@specialisterne.dk
174,Alex,Hubert,Alex.Hubert@specialisterne.dk
175,Melina,Cynar,Melina.Cynar@specialisterne.dk
176,Ellette,Raul,Ellette.Raul@specialisterne.dk
177,Carlie,Podvin,Carlie.Podvin@specialisterne.dk
178,Gerianna,Ambrosia,Gerianna.Ambrosia@specialisterne.dk
179,Dede,Candy,Dede.Candy@specialisterne.dk
180,Cacilie,Chesna,Cacilie.Chesna@specialisterne.dk
181,Wanda,Franza,Wanda.Franza@specialisterne.dk
182,Linzy,Dimitris,Linzy.Dimitris@specialisterne.dk
183,Jessy,Eno,Jessy.Eno@specialisterne.dk
184,Hayley,Lesley,Hayley.Lesley@specialisterne.dk
185,Jeanna,Sandye,Jeanna.Sandye@specialisterne.dk
186,Lexine,Rubie,Lexine.Rubie@specialisterne.dk
187,Gabriellia,Kesley,Gabriellia.Kesley@specialisterne.dk
188,Adriana,Goode,Adriana.Goode@specialisterne.dk
189,Damaris,Pip,Damaris.Pip@specialisterne.dk
190,Bertine,Cressida,Bertine.Cressida@specialisterne.dk
191,Lusa,Euridice,Lusa.Euridice@specialisterne.dk
192,Rayna,Old,Rayna.Old@specialisterne.dk
193,Fred,Bakerman,Fred.Bakerman@specialisterne.dk
194,Teriann,Primalia,Teriann.Primalia@specialisterne.dk
195,Bill,Deny,Bill.Deny@specialisterne.dk
196,Zsa Zsa,Anis,Zsa Zsa.Anis@specialisterne.dk
197,Ruthe,Ethban,Ruthe.Ethban@specialisterne.dk
198,Yolane,Argus,Yolane.Argus@specialisterne.dk
199,Chrystel,Pettiford,Chrystel.Pettiford@specialisterne.dk
200,Yolane,Marlie,Yolane.Marlie@specialisterne.dk
201,Kaia,Fillbert,Kaia.Fillbert@specialisterne.dk
202,Ericka,Rozanna,Ericka.Rozanna@specialisterne.dk
203,Kittie,Stilwell,Kittie.Stilwell@specialisterne.dk
204,Dyann,Zola,Dyann.Zola@specialisterne.dk
205,Goldie,Kendrick,Goldie.Kendrick@specialisterne.dk
206,Fidelia,Pulsifer,Fidelia.Pulsifer@specialisterne.dk
207,Carol-Jean,Uird,Carol-Jean.Uird@specialisterne.dk
208,Veda,Old,Veda.Old@specialisterne.dk
209,Tami,Read,Tami.Read@specialisterne.dk
210,Blondelle,Reinke,Blondelle.Reinke@specialisterne.dk
211,Correy,Adalbert,Correy.Adalbert@specialisterne.dk
212,Elise,Zachary,Elise.Zachary@specialisterne.dk
213,Allyce,Merriott,Allyce.Merriott@specialisterne.dk
214,Carolina,Durware,Carolina.Durware@specialisterne.dk
215,Shandie,Vittoria,Shandie.Vittoria@specialisterne.dk
216,Steffane,Pelagias,Steffane.Pelagias@specialisterne.dk
217,Willetta,Brodench,Willetta.Brodench@specialisterne.dk
218,Doro,Stoller,Doro.Stoller@specialisterne.dk
219,Layla,Federica,Layla.Federica@specialisterne.dk
220,Lorne,Vins,Lorne.Vins@specialisterne.dk
221,Wynne,Maurine,Wynne.Maurine@specialisterne.dk
222,Eolanda,Woodberry,Eolanda.Woodberry@specialisterne.dk
223,Genovera,Holbrook,Genovera.Holbrook@specialisterne.dk
224,Kylynn,Karylin,Kylynn.Karylin@specialisterne.dk
225,Rochette,Dannye,Rochette.Dannye@specialisterne.dk
226,Carolina,Wattenberg,Carolina.Wattenberg@specialisterne.dk
227,Gaylene,Hubert,Gaylene.Hubert@specialisterne.dk
228,Selma,Dulciana,Selma.Dulciana@specialisterne.dk
229,Shauna,Denis,Shauna.Denis@specialisterne.dk
230,Kimberley,Berard,Kimberley.Berard@specialisterne.dk
231,Hildegaard,Demitria,Hildegaard.Demitria@specialisterne.dk
232,Bernardine,Ortrude,Bernardine.Ortrude@specialisterne.dk
233,Karlee,Melleta,Karlee.Melleta@specialisterne.dk
234,Cyb,Berard,Cyb.Berard@specialisterne.dk
235,Nataline,Abernon,Nataline.Abernon@specialisterne.dk
236,Albertina,Darian,Albertina.Darian@specialisterne.dk
237,Allyce,Raffo,Allyce.Raffo@specialisterne.dk
238,Sherrie,Ammann,Sherrie.Ammann@specialisterne.dk
239,Ingrid,Moina,Ingrid.Moina@specialisterne.dk
240,Juliane,Brodench,Juliane.Brodench@specialisterne.dk
241,Ellette,Ezar,Ellette.Ezar@specialisterne.dk
242,Rosaline,Tannie,Rosaline.Tannie@specialisterne.dk
243,Eve,Kermit,Eve.Kermit@specialisterne.dk
244,Gavrielle,Romelda,Gavrielle.Romelda@specialisterne.dk
245,Mellicent,Kinnard,Mellicent.Kinnard@specialisterne.dk
246,Kathy,Carvey,Kathy.Carvey@specialisterne.dk
247,Rosanne,Dimitris,Rosanne.Dimitris@specialisterne.dk
248,Gianina,Dunkin,Gianina.Dunkin@specialisterne.dk
249,Teriann,Tarrant,Teriann.Tarrant@specialisterne.dk
250,Elmira,Chrystel,Elmira.Chrystel@specialisterne.dk
251,Corry,Keelia,Corry.Keelia@specialisterne.dk
252,Sharlene,Vacuva,Sharlene.Vacuva@specialisterne.dk
253,Caritta,Mauer,Caritta.Mauer@specialisterne.dk
254,Briney,Abbot,Briney.Abbot@specialisterne.dk
255,Florencia,Maroney,Florencia.Maroney@specialisterne.dk
256,Paulita,Fleeta,Paulita.Fleeta@specialisterne.dk
257,Cristabel,Guildroy,Cristabel.Guildroy@specialisterne.dk
258,Berta,Decato,Berta.Decato@specialisterne.dk
259,Harmonia,Yerkovich,Harmonia.Yerkovich@specialisterne.dk
260,Ingrid,Silvan,Ingrid.Silvan@specialisterne.dk
261,Renae,Georas,Renae.Georas@specialisterne.dk
262,Sean,Flyn,Sean.Flyn@specialisterne.dk
263,Gilda,Levey,Gilda.Levey@specialisterne.dk
264,Tressa,Schalles,Tressa.Schalles@specialisterne.dk
265,Wileen,Tippets,Wileen.Tippets@specialisterne.dk
266,Rani,Wyn,Rani.Wyn@specialisterne.dk
267,Starla,Marlie,Starla.Marlie@specialisterne.dk
268,Jeanna,Celestine,Jeanna.Celestine@specialisterne.dk
269,Rivalee,Lilas,Rivalee.Lilas@specialisterne.dk
270,Sallie,Lilas,Sallie.Lilas@specialisterne.dk
271,Carly,Agle,Carly.Agle@specialisterne.dk
272,Emylee,Fairweather,Emylee.Fairweather@specialisterne.dk
273,Therine,Jammal,Therine.Jammal@specialisterne.dk
274,Demetris,Philoo,Demetris.Philoo@specialisterne.dk
275,Susan,Pitt,Susan.Pitt@specialisterne.dk
276,Pierette,Cimbura,Pierette.Cimbura@specialisterne.dk
277,Genovera,Kenwood,Genovera.Kenwood@specialisterne.dk
278,Lizzie,Miru,Lizzie.Miru@specialisterne.dk
279,Lynnea,Damarra,Lynnea.Damarra@specialisterne.dk
280,Isa,Penelopa,Isa.Penelopa@specialisterne.dk
281,Joelly,Weinreb,Joelly.Weinreb@specialisterne.dk
282,Ninnetta,Teddman,Ninnetta.Teddman@specialisterne.dk
283,Shauna,Tufts,Shauna.Tufts@specialisterne.dk
284,Carmencita,Winnick,Carmencita.Winnick@specialisterne.dk
285,Laurene,Destinee,Laurene.Destinee@specialisterne.dk
286,Shirlee,Jorgan,Shirlee.Jorgan@specialisterne.dk
287,Misha,Joni,Misha.Joni@specialisterne.dk
288,Lorie,Khorma,Lorie.Khorma@specialisterne.dk
289,Ursulina,Lewes,Ursulina.Lewes@specialisterne.dk
290,Sidoney,Amethist,Sidoney.Amethist@specialisterne.dk
291,Di,Kinnard,Di.Kinnard@specialisterne.dk
292,Anica,Brodench,Anica.Brodench@specialisterne.dk
293,Aigneis,Drus,Aigneis.Drus@specialisterne.dk
294,Tami,Jena,Tami.Jena@specialisterne.dk
295,Iseabal,Zenas,Iseabal.Zenas@specialisterne.dk
296,Zondra,Infield,Zondra.Infield@specialisterne.dk
297,Alexine,Ader,Alexine.Ader@specialisterne.dk
298,Meg,Granoff,Meg.Granoff@specialisterne.dk
299,Modestia,Moseley,Modestia.Moseley@specialisterne.dk
300,Regina,Maryanne,Regina.Maryanne@specialisterne.dk
301,Alia,Parsaye,Alia.Parsaye@specialisterne.dk
302,Katuscha,Johnsson,Katuscha.Johnsson@specialisterne.dk
303,Fina,Sothena,Fina.Sothena@specialisterne.dk
304,Halette,Berne,Halette.Berne@specialisterne.dk
305,Nonnah,Lory,Nonnah.Lory@specialisterne.dk
306,Talya,Hilbert,Talya.Hilbert@specialisterne.dk
307,Ashlee,Melan,Ashlee.Melan@specialisterne.dk
308,Sybille,Dorine,Sybille.Dorine@specialisterne.dk
309,Dorice,Jess,Dorice.Jess@specialisterne.dk
310,Nariko,Hieronymus,Nariko.Hieronymus@specialisterne.dk
311,Etta,Lutero,Etta.Lutero@specialisterne.dk
312,Karolina,Uund,Karolina.Uund@specialisterne.dk
313,Orsola,Elbertina,Orsola.Elbertina@specialisterne.dk
314,Nita,Pillsbury,Nita.Pillsbury@specialisterne.dk
315,Wynne,Toor,Wynne.Toor@specialisterne.dk
316,Brana,Goth,Brana.Goth@specialisterne.dk
317,Rubie,Pernick,Rubie.Pernick@specialisterne.dk
318,Ursulina,Center,Ursulina.Center@specialisterne.dk
319,Genevra,Bevin,Genevra.Bevin@specialisterne.dk
320,Arlina,Sundin,Arlina.Sundin@specialisterne.dk
321,Gloria,Levey,Gloria.Levey@specialisterne.dk
322,Joceline,Saunderson,Joceline.Saunderson@specialisterne.dk
323,Liana,Shanley,Liana.Shanley@specialisterne.dk
324,Renae,Fiester,Renae.Fiester@specialisterne.dk
325,Jasmina,Hylan,Jasmina.Hylan@specialisterne.dk
326,Hayley,Tengdin,Hayley.Tengdin@specialisterne.dk
327,Rosene,Vivle,Rosene.Vivle@specialisterne.dk
328,Maye,Infield,Maye.Infield@specialisterne.dk
329,Liana,Lay,Liana.Lay@specialisterne.dk
330,Alejandra,Bobbee,Alejandra.Bobbee@specialisterne.dk
331,Therine,Calhoun,Therine.Calhoun@specialisterne.dk
332,Hayley,Ulphia,Hayley.Ulphia@specialisterne.dk
333,Berget,Bertold,Berget.Bertold@specialisterne.dk
334,Henriette,Winnick,Henriette.Winnick@specialisterne.dk
335,Edyth,Girardo,Edyth.Girardo@specialisterne.dk
336,Verla,Corrine,Verla.Corrine@specialisterne.dk
337,Darlleen,Tristram,Darlleen.Tristram@specialisterne.dk
338,Dacia,Tengdin,Dacia.Tengdin@specialisterne.dk
339,Dagmar,Astra,Dagmar.Astra@specialisterne.dk
340,Silvana,Tybald,Silvana.Tybald@specialisterne.dk
341,Arlina,Lemuela,Arlina.Lemuela@specialisterne.dk
342,Ilse,Adrienne,Ilse.Adrienne@specialisterne.dk
343,Lolita,Burnside,Lolita.Burnside@specialisterne.dk
344,Emma,Gwenore,Emma.Gwenore@specialisterne.dk
345,Orelia,Zamora,Orelia.Zamora@specialisterne.dk
346,Binny,Hathaway,Binny.Hathaway@specialisterne.dk
347,Katharina,Barney,Katharina.Barney@specialisterne.dk
348,Ketti,Medrek,Ketti.Medrek@specialisterne.dk
349,Ebonee,Jalbert,Ebonee.Jalbert@specialisterne.dk
350,Jere,Afton,Jere.Afton@specialisterne.dk
351,Lorie,Bendick,Lorie.Bendick@specialisterne.dk
352,Anestassia,Fulmer,Anestassia.Fulmer@specialisterne.dk
353,Stevana,Nadia,Stevana.Nadia@specialisterne.dk
354,Diena,Gino,Diena.Gino@specialisterne.dk
355,Ayn,Stoller,Ayn.Stoller@specialisterne.dk
356,Willetta,Kimmie,Willetta.Kimmie@specialisterne.dk
357,Lyssa,Hillel,Lyssa.Hillel@specialisterne.dk
358,Gusella,Chem,Gusella.Chem@specialisterne.dk
359,Tierney,Garek,Tierney.Garek@specialisterne.dk
360,Elka,Georgy,Elka.Georgy@specialisterne.dk
361,Nikki,Zrike,Nikki.Zrike@specialisterne.dk
362,Shirlee,Bach,Shirlee.Bach@specialisterne.dk
363,Amalie,Meli,Amalie.Meli@specialisterne.dk
364,Kathi,Pip,Kathi.Pip@specialisterne.dk
365,Frances,Revkah,Frances.Revkah@specialisterne.dk
366,Tierney,Sisile,Tierney.Sisile@specialisterne.dk
367,Genevra,Capello,Genevra.Capello@specialisterne.dk
368,Lucille,Donell,Lucille.Donell@specialisterne.dk
369,Lila,Read,Lila.Read@specialisterne.dk
370,Fayre,Fitzsimmons,Fayre.Fitzsimmons@specialisterne.dk
371,Ardeen,Soneson,Ardeen.Soneson@specialisterne.dk
372,Dorthy,Schalles,Dorthy.Schalles@specialisterne.dk
373,Yolane,Karna,Yolane.Karna@specialisterne.dk
374,Giustina,Noman,Giustina.Noman@specialisterne.dk
375,Laurene,Wilona,Laurene.Wilona@specialisterne.dk
376,Latisha,Gaynor,Latisha.Gaynor@specialisterne.dk
377,Chickie,Norrie,Chickie.Norrie@specialisterne.dk
378,Mary,Nahum,Mary.Nahum@specialisterne.dk
379,Gilda,Cleo,Gilda.Cleo@specialisterne.dk
380,Damaris,Gaal,Damaris.Gaal@specialisterne.dk
381,Susan,Janith,Susan.Janith@specialisterne.dk
382,Chloris,Cottle,Chloris.Cottle@specialisterne.dk
383,Tani,Narton,Tani.Narton@specialisterne.dk
384,Nonnah,Kalinda,Nonnah.Kalinda@specialisterne.dk
385,Emmey,Hurley,Emmey.Hurley@specialisterne.dk
386,Lonnie,Hamil,Lonnie.Hamil@specialisterne.dk
387,Theodora,Edmund,Theodora.Edmund@specialisterne.dk
388,Marti,Edmund,Marti.Edmund@specialisterne.dk
389,Gale,Raul,Gale.Raul@specialisterne.dk
390,Oralee,Fennessy,Oralee.Fennessy@specialisterne.dk
391,Rosanne,Johnsson,Rosanne.Johnsson@specialisterne.dk
392,Konstance,Ardra,Konstance.Ardra@specialisterne.dk
393,Courtnay,Crudden,Courtnay.Crudden@specialisterne.dk
394,Ariela,Himelman,Ariela.Himelman@specialisterne.dk
395,Di,Hartnett,Di.Hartnett@specialisterne.dk
396,Nessie,Philipp,Nessie.Philipp@specialisterne.dk
397,Carmencita,Larochelle,Carmencita.Larochelle@specialisterne.dk
398,Olwen,Bennie,Olwen.Bennie@specialisterne.dk
399,Marguerite,Ezar,Marguerite.Ezar@specialisterne.dk
400,Mildrid,Soneson,Mildrid.Soneson@specialisterne.dk
401,Olivette,Alexandr,Olivette.Alexandr@specialisterne.dk
402,Merrie,Shaddock,Merrie.Shaddock@specialisterne.dk
403,Kenna,Euridice,Kenna.Euridice@specialisterne.dk
404,Liana,Nore,Liana.Nore@specialisterne.dk
405,Beverley,Felecia,Beverley.Felecia@specialisterne.dk
406,Orelia,Jess,Orelia.Jess@specialisterne.dk
407,Ketti,My,Ketti.My@specialisterne.dk
408,Leeanne,Tybald,Leeanne.Tybald@specialisterne.dk
409,Nananne,Desai,Nananne.Desai@specialisterne.dk
410,Lynea,Sidonius,Lynea.Sidonius@specialisterne.dk
411,Corry,Caitlin,Corry.Caitlin@specialisterne.dk
412,Madelle,Tiffa,Madelle.Tiffa@specialisterne.dk
413,Goldie,Selway,Goldie.Selway@specialisterne.dk
414,Tilly,Vastah,Tilly.Vastah@specialisterne.dk
415,Kial,Voletta,Kial.Voletta@specialisterne.dk
416,Jacquetta,Thomasina,Jacquetta.Thomasina@specialisterne.dk
417,Nicoli,Colyer,Nicoli.Colyer@specialisterne.dk
418,Lulita,Henrie,Lulita.Henrie@specialisterne.dk
419,Harrietta,Timon,Harrietta.Timon@specialisterne.dk
420,Viviene,Raama,Viviene.Raama@specialisterne.dk
421,Malina,Lissi,Malina.Lissi@specialisterne.dk
422,Dorothy,Evangelia,Dorothy.Evangelia@specialisterne.dk
423,Carree,Willie,Carree.Willie@specialisterne.dk
424,Caritta,Isacco,Caritta.Isacco@specialisterne.dk
425,Krystle,Iaverne,Krystle.Iaverne@specialisterne.dk
426,Andeee,Aldric,Andeee.Aldric@specialisterne.dk
427,Corina,Brenn,Corina.Brenn@specialisterne.dk
428,Adelle,Tillford,Adelle.Tillford@specialisterne.dk
429,Joelly,Egbert,Joelly.Egbert@specialisterne.dk
430,Maridel,Noelyn,Maridel.Noelyn@specialisterne.dk
431,Leia,Mendez,Leia.Mendez@specialisterne.dk
432,Rani,Monk,Rani.Monk@specialisterne.dk
433,Charmaine,Winthorpe,Charmaine.Winthorpe@specialisterne.dk
434,Minda,Sherfield,Minda.Sherfield@specialisterne.dk
435,Marguerite,Presber,Marguerite.Presber@specialisterne.dk
436,Fayre,Ephrem,Fayre.Ephrem@specialisterne.dk
437,Sophia,Sheedy,Sophia.Sheedy@specialisterne.dk
438,Stacey,Bord,Stacey.Bord@specialisterne.dk
439,Kial,Vharat,Kial.Vharat@specialisterne.dk
440,Ira,Allare,Ira.Allare@specialisterne.dk
441,Fanny,Reinke,Fanny.Reinke@specialisterne.dk
442,Elena,Scammon,Elena.Scammon@specialisterne.dk
443,Berta,Leopold,Berta.Leopold@specialisterne.dk
444,Emilia,Kenney,Emilia.Kenney@specialisterne.dk
445,Valli,Vernier,Valli.Vernier@specialisterne.dk
446,Raina,Baylor,Raina.Baylor@specialisterne.dk
447,Christal,Carmena,Christal.Carmena@specialisterne.dk
448,Chrystel,Alarise,Chrystel.Alarise@specialisterne.dk
449,Blinni,Bultman,Blinni.Bultman@specialisterne.dk
450,Maud,Jehu,Maud.Jehu@specialisterne.dk
451,Bobinette,Christal,Bobinette.Christal@specialisterne.dk
452,Sam,Jeanne,Sam.Jeanne@specialisterne.dk
453,Maisey,Holbrook,Maisey.Holbrook@specialisterne.dk
454,Lauryn,Willie,Lauryn.Willie@specialisterne.dk
455,Netty,Yoko,Netty.Yoko@specialisterne.dk
456,Daphne,Giff,Daphne.Giff@specialisterne.dk
457,Cherrita,Fax,Cherrita.Fax@specialisterne.dk
458,Mathilda,Adlare,Mathilda.Adlare@specialisterne.dk
459,Nananne,Joli,Nananne.Joli@specialisterne.dk
460,Roz,Schalles,Roz.Schalles@specialisterne.dk
461,Ariela,Poll,Ariela.Poll@specialisterne.dk
462,Vevay,Lindemann,Vevay.Lindemann@specialisterne.dk
463,Sissy,Barrus,Sissy.Barrus@specialisterne.dk
464,Margalo,Toni,Margalo.Toni@specialisterne.dk
465,Yvonne,Gunn,Yvonne.Gunn@specialisterne.dk
466,Dale,Melan,Dale.Melan@specialisterne.dk
467,Alisha,Alarise,Alisha.Alarise@specialisterne.dk
468,Hannis,Fiann,Hannis.Fiann@specialisterne.dk
469,Constance,Belldas,Constance.Belldas@specialisterne.dk
470,Raquela,Aloise,Raquela.Aloise@specialisterne.dk
471,Michaelina,Anton,Michaelina.Anton@specialisterne.dk
472,Adriana,Ralfston,Adriana.Ralfston@specialisterne.dk
473,Edyth,Granoff,Edyth.Granoff@specialisterne.dk
474,Riannon,Gerge,Riannon.Gerge@specialisterne.dk
475,Gabriellia,Sperling,Gabriellia.Sperling@specialisterne.dk
476,Dede,Bakerman,Dede.Bakerman@specialisterne.dk
477,Shandie,Cleavland,Shandie.Cleavland@specialisterne.dk
478,Nelle,Elbertina,Nelle.Elbertina@specialisterne.dk
479,Tabbatha,Toni,Tabbatha.Toni@specialisterne.dk
480,Amii,Fry,Amii.Fry@specialisterne.dk
481,Basia,Berard,Basia.Berard@specialisterne.dk
482,Shandie,Loring,Shandie.Loring@specialisterne.dk
483,Gabriellia,Aida,Gabriellia.Aida@specialisterne.dk
484,Elvira,Johnsson,Elvira.Johnsson@specialisterne.dk
485,Kristina,Madox,Kristina.Madox@specialisterne.dk
486,Helsa,Alisia,Helsa.Alisia@specialisterne.dk
487,Zondra,Cressida,Zondra.Cressida@specialisterne.dk
488,Brietta,Kiersten,Brietta.Kiersten@specialisterne.dk
489,Madalyn,Lanita,Madalyn.Lanita@specialisterne.dk
490,Magdalena,Diann,Magdalena.Diann@specialisterne.dk
491,Daryl,Crudden,Daryl.Crudden@specialisterne.dk
492,Kalina,Robertson,Kalina.Robertson@specialisterne.dk
493,Monika,Agle,Monika.Agle@specialisterne.dk
494,Cissiee,Merriott,Cissiee.Merriott@specialisterne.dk
495,Tierney,Waldron,Tierney.Waldron@specialisterne.dk
496,Adriana,Cecile,Adriana.Cecile@specialisterne.dk
497,Elena,Pond,Elena.Pond@specialisterne.dk
498,Jacquetta,Yusuk,Jacquetta.Yusuk@specialisterne.dk
499,Sharai,Halsey,Sharai.Halsey@specialisterne.dk
500,Daune,Laurianne,Daune.Laurianne@specialisterne.dk
501,Barbi,Tippets,Barbi.Tippets@specialisterne.dk
502,Valeda,Neils,Valeda.Neils@specialisterne.dk
503,Rebeca,Dawkins,Rebeca.Dawkins@specialisterne.dk
504,Merci,Schenck,Merci.Schenck@specialisterne.dk
505,Ethel,Taima,Ethel.Taima@specialisterne.dk
506,Augustine,Ethban,Augustine.Ethban@specialisterne.dk
507,Ardeen,Keelia,Ardeen.Keelia@specialisterne.dk
508,Adriana,Aldric,Adriana.Aldric@specialisterne.dk
509,Devina,Ventre,Devina.Ventre@specialisterne.dk
510,Stacey,McCutcheon,Stacey.McCutcheon@specialisterne.dk
511,Elka,Swanhildas,Elka.Swanhildas@specialisterne.dk
512,Dennie,Harday,Dennie.Harday@specialisterne.dk
513,Tonia,Matthew,Tonia.Matthew@specialisterne.dk
514,Darlleen,Jorgan,Darlleen.Jorgan@specialisterne.dk
515,Leeanne,Berriman,Leeanne.Berriman@specialisterne.dk
516,Judy,Norrie,Judy.Norrie@specialisterne.dk
517,Maye,Han,Maye.Han@specialisterne.dk
518,Meg,Erb,Meg.Erb@specialisterne.dk
519,Chickie,Koehler,Chickie.Koehler@specialisterne.dk
520,Dione,Felizio,Dione.Felizio@specialisterne.dk
521,Belva,Decato,Belva.Decato@specialisterne.dk
522,Jackie,Wareing,Jackie.Wareing@specialisterne.dk
523,Kassey,Zina,Kassey.Zina@specialisterne.dk
524,Shaine,Catie,Shaine.Catie@specialisterne.dk
525,Ezmeralda,Oscar,Ezmeralda.Oscar@specialisterne.dk
526,Lindie,Nadia,Lindie.Nadia@specialisterne.dk
527,Aimil,Loeb,Aimil.Loeb@specialisterne.dk
528,Ilse,Hortensia,Ilse.Hortensia@specialisterne.dk
529,Lulita,Georgy,Lulita.Georgy@specialisterne.dk
530,Wynne,Schalles,Wynne.Schalles@specialisterne.dk
531,Maisey,Sholley,Maisey.Sholley@specialisterne.dk
532,Fred,Stelle,Fred.Stelle@specialisterne.dk
533,Lynnea,Freddi,Lynnea.Freddi@specialisterne.dk
534,Tybie,Allys,Tybie.Allys@specialisterne.dk
535,Jorry,Moina,Jorry.Moina@specialisterne.dk
536,Heida,Vivle,Heida.Vivle@specialisterne.dk
537,Gabriellia,Flyn,Gabriellia.Flyn@specialisterne.dk
538,Alexine,Bennie,Alexine.Bennie@specialisterne.dk
539,Annice,Brackely,Annice.Brackely@specialisterne.dk
540,Bernie,Randene,Bernie.Randene@specialisterne.dk
541,Jeanna,Fax,Jeanna.Fax@specialisterne.dk
542,Michaelina,Erich,Michaelina.Erich@specialisterne.dk
543,Clary,Kat,Clary.Kat@specialisterne.dk
544,Katuscha,Audly,Katuscha.Audly@specialisterne.dk
545,Andeee,Martguerita,Andeee.Martguerita@specialisterne.dk
546,Carol-Jean,Vary,Carol-Jean.Vary@specialisterne.dk
547,Diena,Haymes,Diena.Haymes@specialisterne.dk
548,Madelle,Rosalba,Madelle.Rosalba@specialisterne.dk
549,Ekaterina,Cosenza,Ekaterina.Cosenza@specialisterne.dk
550,Joy,Anyah,Joy.Anyah@specialisterne.dk
551,Carmela,Beniamino,Carmela.Beniamino@specialisterne.dk
552,Tarra,Zamora,Tarra.Zamora@specialisterne.dk
553,Natka,Sheng,Natka.Sheng@specialisterne.dk
554,Cassondra,Hebner,Cassondra.Hebner@specialisterne.dk
555,Tamqrah,Willie,Tamqrah.Willie@specialisterne.dk
556,Tera,Fry,Tera.Fry@specialisterne.dk
557,Shaine,Ummersen,Shaine.Ummersen@specialisterne.dk
558,Valera,Buttaro,Valera.Buttaro@specialisterne.dk
559,Gretal,Klemperer,Gretal.Klemperer@specialisterne.dk
560,Jean,Bates,Jean.Bates@specialisterne.dk
561,Belinda,Burkle,Belinda.Burkle@specialisterne.dk
562,Reeba,Alexandr,Reeba.Alexandr@specialisterne.dk
563,Devina,Mandler,Devina.Mandler@specialisterne.dk
564,Noelle,Glenden,Noelle.Glenden@specialisterne.dk
565,Cathie,Heisel,Cathie.Heisel@specialisterne.dk
566,Noelle,Lacombe,Noelle.Lacombe@specialisterne.dk
567,Micheline,Buffum,Micheline.Buffum@specialisterne.dk
568,Alyssa,Nisbet,Alyssa.Nisbet@specialisterne.dk
569,Bill,Mathilde,Bill.Mathilde@specialisterne.dk
570,Alameda,Dimitris,Alameda.Dimitris@specialisterne.dk
571,Addia,Llovera,Addia.Llovera@specialisterne.dk
572,Elise,Albertine,Elise.Albertine@specialisterne.dk
573,Corene,Skell,Corene.Skell@specialisterne.dk
574,Christy,Maribeth,Christy.Maribeth@specialisterne.dk
575,Noelle,Carvey,Noelle.Carvey@specialisterne.dk
576,Rochette,Dash,Rochette.Dash@specialisterne.dk
577,Berta,Marden,Berta.Marden@specialisterne.dk
578,Karina,Danby,Karina.Danby@specialisterne.dk
579,Max,Mintz,Max.Mintz@specialisterne.dk
580,Myrtice,Kaete,Myrtice.Kaete@specialisterne.dk
581,Aryn,Kussell,Aryn.Kussell@specialisterne.dk
582,Elsie,Bethany,Elsie.Bethany@specialisterne.dk
583,Consuela,Sharl,Consuela.Sharl@specialisterne.dk
584,Ginnie,Amasa,Ginnie.Amasa@specialisterne.dk
585,Fayre,Keily,Fayre.Keily@specialisterne.dk
586,Deane,MacIntosh,Deane.MacIntosh@specialisterne.dk
587,Raquela,Rosette,Raquela.Rosette@specialisterne.dk
588,Shaine,Rooney,Shaine.Rooney@specialisterne.dk
589,Arlina,Bettine,Arlina.Bettine@specialisterne.dk
590,Ruthe,Erich,Ruthe.Erich@specialisterne.dk
591,Ardeen,Ashok,Ardeen.Ashok@specialisterne.dk
592,Misha,Engdahl,Misha.Engdahl@specialisterne.dk
593,Tani,Teddman,Tani.Teddman@specialisterne.dk
594,Kathi,Mehalek,Kathi.Mehalek@specialisterne.dk
595,Sibella,Carlson,Sibella.Carlson@specialisterne.dk
596,Evaleen,Autrey,Evaleen.Autrey@specialisterne.dk
597,Shandie,Maiah,Shandie.Maiah@specialisterne.dk
598,Mara,Aldric,Mara.Aldric@specialisterne.dk
599,Renie,Buttaro,Renie.Buttaro@specialisterne.dk
600,Mariann,Ashok,Mariann.Ashok@specialisterne.dk
601,Noelle,Ambrosia,Noelle.Ambrosia@specialisterne.dk
602,Ingrid,Ezar,Ingrid.Ezar@specialisterne.dk
603,Winifred,Michella,Winifred.Michella@specialisterne.dk
604,Dode,Gino,Dode.Gino@specialisterne.dk
605,Mathilda,Kauppi,Mathilda.Kauppi@specialisterne.dk
606,Orsola,Moina,Orsola.Moina@specialisterne.dk
607,Dominga,Phaidra,Dominga.Phaidra@specialisterne.dk
608,Fina,Jerold,Fina.Jerold@specialisterne.dk
609,Linet,O'Rourke,Linet.O'Rourke@specialisterne.dk
610,Orsola,Thornburg,Orsola.Thornburg@specialisterne.dk
611,Ardeen,Boycey,Ardeen.Boycey@specialisterne.dk
612,Yetty,Seligman,Yetty.Seligman@specialisterne.dk
613,Queenie,Rooney,Queenie.Rooney@specialisterne.dk
614,Adelle,Mauer,Adelle.Mauer@specialisterne.dk
615,Ingrid,Nedrud,Ingrid.Nedrud@specialisterne.dk
616,Harmonia,Viddah,Harmonia.Viddah@specialisterne.dk
617,Fayre,Gilmour,Fayre.Gilmour@specialisterne.dk
618,Jan,Oneida,Jan.Oneida@specialisterne.dk
619,Lolita,Ashely,Lolita.Ashely@specialisterne.dk
620,Aurelie,Killigrew,Aurelie.Killigrew@specialisterne.dk
621,Zsa Zsa,Ledah,Zsa Zsa.Ledah@specialisterne.dk
622,Camile,Garek,Camile.Garek@specialisterne.dk
623,Carmela,Kinnard,Carmela.Kinnard@specialisterne.dk
624,Brana,Hillel,Brana.Hillel@specialisterne.dk
625,Kara-Lynn,Erskine,Kara-Lynn.Erskine@specialisterne.dk
626,Vivia,Henrie,Vivia.Henrie@specialisterne.dk
627,Cam,Stanwood,Cam.Stanwood@specialisterne.dk
628,Olivette,Thilda,Olivette.Thilda@specialisterne.dk
629,Chandra,Knowling,Chandra.Knowling@specialisterne.dk
630,Mary,Briney,Mary.Briney@specialisterne.dk
631,Frances,Wareing,Frances.Wareing@specialisterne.dk
632,Ninnetta,Afton,Ninnetta.Afton@specialisterne.dk
633,Agnese,Geffner,Agnese.Geffner@specialisterne.dk
634,Rhea,Kosey,Rhea.Kosey@specialisterne.dk
635,Blake,Blisse,Blake.Blisse@specialisterne.dk
636,Gratia,Bahr,Gratia.Bahr@specialisterne.dk
637,Loree,Faria,Loree.Faria@specialisterne.dk
638,Beatriz,Harl,Beatriz.Harl@specialisterne.dk
639,Abbie,Alejoa,Abbie.Alejoa@specialisterne.dk
640,Gisela,Brackely,Gisela.Brackely@specialisterne.dk
641,Valli,Jorgan,Valli.Jorgan@specialisterne.dk
642,Orsola,Caitlin,Orsola.Caitlin@specialisterne.dk
643,Marylou,Bultman,Marylou.Bultman@specialisterne.dk
644,Rebeca,Artie,Rebeca.Artie@specialisterne.dk
645,Mady,Karylin,Mady.Karylin@specialisterne.dk
646,Ellette,Rosalba,Ellette.Rosalba@specialisterne.dk
647,Gisela,Skurnik,Gisela.Skurnik@specialisterne.dk
648,Rebeca,Sheedy,Rebeca.Sheedy@specialisterne.dk
649,Wendi,Miru,Wendi.Miru@specialisterne.dk
650,Dale,Fairweather,Dale.Fairweather@specialisterne.dk
651,Gianina,Danby,Gianina.Danby@specialisterne.dk
652,Dode,Redmond,Dode.Redmond@specialisterne.dk
653,Renae,Marsden,Renae.Marsden@specialisterne.dk
654,Ardys,Presber,Ardys.Presber@specialisterne.dk
655,Janenna,Bultman,Janenna.Bultman@specialisterne.dk
656,Merry,Viddah,Merry.Viddah@specialisterne.dk
657,Joeann,Toni,Joeann.Toni@specialisterne.dk
658,Reeba,Delila,Reeba.Delila@specialisterne.dk
659,Sheree,Fink,Sheree.Fink@specialisterne.dk
660,Melisent,Noelyn,Melisent.Noelyn@specialisterne.dk
661,Tatiania,Quent,Tatiania.Quent@specialisterne.dk
662,Lilith,Payson,Lilith.Payson@specialisterne.dk
663,Hollie,Ietta,Hollie.Ietta@specialisterne.dk
664,Florie,Lissi,Florie.Lissi@specialisterne.dk
665,Theodora,Jacinda,Theodora.Jacinda@specialisterne.dk
666,Felice,Teddman,Felice.Teddman@specialisterne.dk
667,Chere,Guthrie,Chere.Guthrie@specialisterne.dk
668,Leia,Kolnick,Leia.Kolnick@specialisterne.dk
669,Mignon,Marsden,Mignon.Marsden@specialisterne.dk
670,Roslyn,Clywd,Roslyn.Clywd@specialisterne.dk
671,Edyth,Stuart,Edyth.Stuart@specialisterne.dk
672,Letizia,Dannye,Letizia.Dannye@specialisterne.dk
673,Jere,Isacco,Jere.Isacco@specialisterne.dk
674,Madelle,Mathilde,Madelle.Mathilde@specialisterne.dk
675,Yvonne,Cleavland,Yvonne.Cleavland@specialisterne.dk
676,Catharine,Lasley,Catharine.Lasley@specialisterne.dk
677,Tani,Egbert,Tani.Egbert@specialisterne.dk
678,Ottilie,Lay,Ottilie.Lay@specialisterne.dk
679,Gerrie,Ledah,Gerrie.Ledah@specialisterne.dk
680,Cam,Solitta,Cam.Solitta@specialisterne.dk
681,Danny,Deegan,Danny.Deegan@specialisterne.dk
682,Lorne,Vins,Lorne.Vins@specialisterne.dk
683,Florie,Bronk,Florie.Bronk@specialisterne.dk
684,Gabi,Vacuva,Gabi.Vacuva@specialisterne.dk
685,Donnie,Olin,Donnie.Olin@specialisterne.dk
686,Ericka,Grosz,Ericka.Grosz@specialisterne.dk
687,Rhea,Forrer,Rhea.Forrer@specialisterne.dk
688,Tani,Brunell,Tani.Brunell@specialisterne.dk
689,Lenna,Bendick,Lenna.Bendick@specialisterne.dk
690,Joeann,Maurine,Joeann.Maurine@specialisterne.dk
691,Linet,Susannah,Linet.Susannah@specialisterne.dk
692,Marline,Pacorro,Marline.Pacorro@specialisterne.dk
693,Lily,Hachmin,Lily.Hachmin@specialisterne.dk
694,Lilith,Darbie,Lilith.Darbie@specialisterne.dk
695,Diena,Bibi,Diena.Bibi@specialisterne.dk
696,Cathie,Maiah,Cathie.Maiah@specialisterne.dk
697,Jan,Grayce,Jan.Grayce@specialisterne.dk
698,Mamie,Gaspard,Mamie.Gaspard@specialisterne.dk
699,Brena,Carmena,Brena.Carmena@specialisterne.dk
700,Dulcinea,Palocz,Dulcinea.Palocz@specialisterne.dk
701,Katleen,Iphlgenia,Katleen.Iphlgenia@specialisterne.dk
702,Jennica,Fleeta,Jennica.Fleeta@specialisterne.dk
703,Jenilee,Girardo,Jenilee.Girardo@specialisterne.dk
704,Abbie,Cassius,Abbie.Cassius@specialisterne.dk
705,Dede,Anyah,Dede.Anyah@specialisterne.dk
706,Eolanda,Ventre,Eolanda.Ventre@specialisterne.dk
707,Elsie,Ajay,Elsie.Ajay@specialisterne.dk
708,Dorothy,Keily,Dorothy.Keily@specialisterne.dk
709,Kellen,My,Kellen.My@specialisterne.dk
710,Dede,Ciro,Dede.Ciro@specialisterne.dk
711,Anthia,Nore,Anthia.Nore@specialisterne.dk
712,Wendi,Karna,Wendi.Karna@specialisterne.dk
713,Lulita,Carlson,Lulita.Carlson@specialisterne.dk
714,Christal,Faso,Christal.Faso@specialisterne.dk
715,Alyssa,Dorcy,Alyssa.Dorcy@specialisterne.dk
716,Robinia,Jorgan,Robinia.Jorgan@specialisterne.dk
717,Estell,Naashom,Estell.Naashom@specialisterne.dk
718,Camile,Lane,Camile.Lane@specialisterne.dk
719,Ida,Tryck,Ida.Tryck@specialisterne.dk
720,Mara,Bultman,Mara.Bultman@specialisterne.dk
721,Laurene,Rillings,Laurene.Rillings@specialisterne.dk
722,Kore,Lubin,Kore.Lubin@specialisterne.dk
723,Tani,Ludewig,Tani.Ludewig@specialisterne.dk
724,Kate,Kevon,Kate.Kevon@specialisterne.dk
725,Gisela,Stoller,Gisela.Stoller@specialisterne.dk
726,Gusella,Zeeba,Gusella.Zeeba@specialisterne.dk
727,Sheelagh,Ralfston,Sheelagh.Ralfston@specialisterne.dk
728,Shirlee,Lucienne,Shirlee.Lucienne@specialisterne.dk
729,Briney,Nadia,Briney.Nadia@specialisterne.dk
730,Marline,Allys,Marline.Allys@specialisterne.dk
731,Eugine,Millda,Eugine.Millda@specialisterne.dk
732,Evaleen,Lissi,Evaleen.Lissi@specialisterne.dk
733,Annice,Grobe,Annice.Grobe@specialisterne.dk
734,Kassey,Pillsbury,Kassey.Pillsbury@specialisterne.dk
735,Henriette,Cynar,Henriette.Cynar@specialisterne.dk
736,Rosabelle,Lattie,Rosabelle.Lattie@specialisterne.dk
737,Katharina,Leopold,Katharina.Leopold@specialisterne.dk
738,Fred,Cloris,Fred.Cloris@specialisterne.dk
739,Fidelia,Malvino,Fidelia.Malvino@specialisterne.dk
740,Hildegaard,Dosia,Hildegaard.Dosia@specialisterne.dk
741,Teriann,Decato,Teriann.Decato@specialisterne.dk
742,Marcelline,Ulphia,Marcelline.Ulphia@specialisterne.dk
743,Lorie,Jillane,Lorie.Jillane@specialisterne.dk
744,Bernardine,Meter,Bernardine.Meter@specialisterne.dk
745,Alyssa,Uird,Alyssa.Uird@specialisterne.dk
746,Eolanda,Swanhildas,Eolanda.Swanhildas@specialisterne.dk
747,Ezmeralda,Sadowski,Ezmeralda.Sadowski@specialisterne.dk
748,Joelly,Clara,Joelly.Clara@specialisterne.dk
749,Maridel,Anyah,Maridel.Anyah@specialisterne.dk
750,Christal,Whiffen,Christal.Whiffen@specialisterne.dk
751,Debee,Dyche,Debee.Dyche@specialisterne.dk
752,Sandie,Olympium,Sandie.Olympium@specialisterne.dk
753,Linzy,Millda,Linzy.Millda@specialisterne.dk
754,Jaime,Gabrielli,Jaime.Gabrielli@specialisterne.dk
755,Sharai,Zina,Sharai.Zina@specialisterne.dk
756,Merry,Dannye,Merry.Dannye@specialisterne.dk
757,Orsola,Mich,Orsola.Mich@specialisterne.dk
758,Lanae,Jagir,Lanae.Jagir@specialisterne.dk
759,Marnia,Matthew,Marnia.Matthew@specialisterne.dk
760,Maryellen,Japeth,Maryellen.Japeth@specialisterne.dk
761,Benita,Weitman,Benita.Weitman@specialisterne.dk
762,Lynnea,Lynn,Lynnea.Lynn@specialisterne.dk
763,Di,Maryanne,Di.Maryanne@specialisterne.dk
764,Chastity,Belldas,Chastity.Belldas@specialisterne.dk
765,Kirbee,Khorma,Kirbee.Khorma@specialisterne.dk
766,Glenda,Donell,Glenda.Donell@specialisterne.dk
767,Lonnie,Lasley,Lonnie.Lasley@specialisterne.dk
768,Dione,Hepsibah,Dione.Hepsibah@specialisterne.dk
769,Yolane,Egbert,Yolane.Egbert@specialisterne.dk
770,Sallie,Yerkovich,Sallie.Yerkovich@specialisterne.dk
771,Chastity,Pulsifer,Chastity.Pulsifer@specialisterne.dk
772,Camile,Dowski,Camile.Dowski@specialisterne.dk
773,Dale,Angelis,Dale.Angelis@specialisterne.dk
774,Donetta,Prouty,Donetta.Prouty@specialisterne.dk
775,Kellen,Ingra,Kellen.Ingra@specialisterne.dk
776,Ira,Burnside,Ira.Burnside@specialisterne.dk
777,Dode,Albertine,Dode.Albertine@specialisterne.dk
778,Tina,Greyson,Tina.Greyson@specialisterne.dk
779,Brooks,Sophronia,Brooks.Sophronia@specialisterne.dk
780,Ethel,Mozelle,Ethel.Mozelle@specialisterne.dk
781,Jobi,Leffen,Jobi.Leffen@specialisterne.dk
782,Lelah,Salvidor,Lelah.Salvidor@specialisterne.dk
783,Demetris,Docilla,Demetris.Docilla@specialisterne.dk
784,Mary,Dahlia,Mary.Dahlia@specialisterne.dk
785,Carol-Jean,Vharat,Carol-Jean.Vharat@specialisterne.dk
786,Christal,Aloise,Christal.Aloise@specialisterne.dk
787,Desirae,Clie,Desirae.Clie@specialisterne.dk
788,Josephine,Kunin,Josephine.Kunin@specialisterne.dk
789,Patricia,Rogerio,Patricia.Rogerio@specialisterne.dk
790,Basia,Slifka,Basia.Slifka@specialisterne.dk
791,Carilyn,Florina,Carilyn.Florina@specialisterne.dk
792,Winny,Deegan,Winny.Deegan@specialisterne.dk
793,Lorne,Bach,Lorne.Bach@specialisterne.dk
794,Rosene,Sharl,Rosene.Sharl@specialisterne.dk
795,Basia,Yuille,Basia.Yuille@specialisterne.dk
796,Celestyna,Delila,Celestyna.Delila@specialisterne.dk
797,Arlena,Seagraves,Arlena.Seagraves@specialisterne.dk
798,Hermione,Adalbert,Hermione.Adalbert@specialisterne.dk
799,Shaine,Belanger,Shaine.Belanger@specialisterne.dk
800,Nollie,Hewitt,Nollie.Hewitt@specialisterne.dk
801,Helena,Scammon,Helena.Scammon@specialisterne.dk
802,Letizia,Magnolia,Letizia.Magnolia@specialisterne.dk
803,Maye,Urias,Maye.Urias@specialisterne.dk
804,Lilith,Adlare,Lilith.Adlare@specialisterne.dk
805,Mellicent,Wittie,Mellicent.Wittie@specialisterne.dk
806,Queenie,Euridice,Queenie.Euridice@specialisterne.dk
807,Stevana,Sinegold,Stevana.Sinegold@specialisterne.dk
808,Lizzie,Fax,Lizzie.Fax@specialisterne.dk
809,Leeanne,Zrike,Leeanne.Zrike@specialisterne.dk
810,Hannis,Kellby,Hannis.Kellby@specialisterne.dk
811,Jessamyn,Dowski,Jessamyn.Dowski@specialisterne.dk
812,Valli,Scammon,Valli.Scammon@specialisterne.dk
813,Dione,Marden,Dione.Marden@specialisterne.dk
814,Jessamyn,Nance,Jessamyn.Nance@specialisterne.dk
815,Concettina,Juliet,Concettina.Juliet@specialisterne.dk
816,Nonnah,Fosque,Nonnah.Fosque@specialisterne.dk
817,Philis,Glenden,Philis.Glenden@specialisterne.dk
818,Shell,Schroth,Shell.Schroth@specialisterne.dk
819,Willetta,Guthrie,Willetta.Guthrie@specialisterne.dk
820,Darlleen,Hertzfeld,Darlleen.Hertzfeld@specialisterne.dk
821,Gretal,Havens,Gretal.Havens@specialisterne.dk
822,Liana,Wildermuth,Liana.Wildermuth@specialisterne.dk
823,Dione,Brodench,Dione.Brodench@specialisterne.dk
824,Isa,Milde,Isa.Milde@specialisterne.dk
825,Sam,Ralfston,Sam.Ralfston@specialisterne.dk
826,Lexine,Vins,Lexine.Vins@specialisterne.dk
827,Fawne,Ambrosia,Fawne.Ambrosia@specialisterne.dk
828,Janis,Jaylene,Janis.Jaylene@specialisterne.dk
829,Barbi,Dielu,Barbi.Dielu@specialisterne.dk
830,Carmela,Zachary,Carmela.Zachary@specialisterne.dk
831,Annabela,Munn,Annabela.Munn@specialisterne.dk
832,Letizia,Honoria,Letizia.Honoria@specialisterne.dk
833,Gui,Harday,Gui.Harday@specialisterne.dk
834,Ardys,Bennie,Ardys.Bennie@specialisterne.dk
835,Sidoney,Wallis,Sidoney.Wallis@specialisterne.dk
836,Lacie,Peti,Lacie.Peti@specialisterne.dk
837,Angelique,Charity,Angelique.Charity@specialisterne.dk
838,Minda,Torray,Minda.Torray@specialisterne.dk
839,Krystle,Selway,Krystle.Selway@specialisterne.dk
840,Moyna,Docilla,Moyna.Docilla@specialisterne.dk
841,Christal,Brady,Christal.Brady@specialisterne.dk
842,Adele,Koehler,Adele.Koehler@specialisterne.dk
843,Aili,Tannie,Aili.Tannie@specialisterne.dk
844,Tiffie,Pillsbury,Tiffie.Pillsbury@specialisterne.dk
845,Jacquetta,Mayeda,Jacquetta.Mayeda@specialisterne.dk
846,Mildrid,Ortrude,Mildrid.Ortrude@specialisterne.dk
847,Andeee,Sparhawk,Andeee.Sparhawk@specialisterne.dk
848,Ana,Shirberg,Ana.Shirberg@specialisterne.dk
849,Lindie,Germann,Lindie.Germann@specialisterne.dk
850,Merrie,Jess,Merrie.Jess@specialisterne.dk
851,Susan,Kermit,Susan.Kermit@specialisterne.dk
852,Jennica,Donell,Jennica.Donell@specialisterne.dk
853,Frank,Croix,Frank.Croix@specialisterne.dk
854,Jaime,Barrus,Jaime.Barrus@specialisterne.dk
855,Marnia,Estella,Marnia.Estella@specialisterne.dk
856,Renie,Ogren,Renie.Ogren@specialisterne.dk
857,Isa,Slifka,Isa.Slifka@specialisterne.dk
858,Trixi,Emmaline,Trixi.Emmaline@specialisterne.dk
859,Malina,Ledah,Malina.Ledah@specialisterne.dk
860,Beth,McClimans,Beth.McClimans@specialisterne.dk
861,Aili,August,Aili.August@specialisterne.dk
862,Fawne,Khorma,Fawne.Khorma@specialisterne.dk
863,Adelle,Swigart,Adelle.Swigart@specialisterne.dk
864,Ninnetta,Ciapas,Ninnetta.Ciapas@specialisterne.dk
865,Margette,Daveta,Margette.Daveta@specialisterne.dk
866,Millie,Beebe,Millie.Beebe@specialisterne.dk
867,Gretal,Fadiman,Gretal.Fadiman@specialisterne.dk
868,Roseline,Garbe,Roseline.Garbe@specialisterne.dk
869,Florie,Roxanna,Florie.Roxanna@specialisterne.dk
870,Maryellen,Screens,Maryellen.Screens@specialisterne.dk
871,Mureil,Brunell,Mureil.Brunell@specialisterne.dk
872,Cyndie,Modie,Cyndie.Modie@specialisterne.dk
873,Phylis,Flyn,Phylis.Flyn@specialisterne.dk
874,Marleah,Ehrman,Marleah.Ehrman@specialisterne.dk
875,Jaime,Jarib,Jaime.Jarib@specialisterne.dk
876,Jean,Adamsen,Jean.Adamsen@specialisterne.dk
877,Catharine,Blase,Catharine.Blase@specialisterne.dk
878,Lauryn,Genna,Lauryn.Genna@specialisterne.dk
879,Marleah,Abernon,Marleah.Abernon@specialisterne.dk
880,Suzette,Clie,Suzette.Clie@specialisterne.dk
881,Korrie,Hartnett,Korrie.Hartnett@specialisterne.dk
882,Calla,Cimbura,Calla.Cimbura@specialisterne.dk
883,Marinna,Narton,Marinna.Narton@specialisterne.dk
884,Marcy,Jaylene,Marcy.Jaylene@specialisterne.dk
885,Valera,Lissi,Valera.Lissi@specialisterne.dk
886,Tressa,Daegal,Tressa.Daegal@specialisterne.dk
887,Rosene,Barney,Rosene.Barney@specialisterne.dk
888,Bibby,Irmine,Bibby.Irmine@specialisterne.dk
889,Nita,Seagraves,Nita.Seagraves@specialisterne.dk
890,Diena,Taam,Diena.Taam@specialisterne.dk
891,Valera,Belldas,Valera.Belldas@specialisterne.dk
892,Christal,Joli,Christal.Joli@specialisterne.dk
893,Kimmy,Schonfeld,Kimmy.Schonfeld@specialisterne.dk
894,Kristina,Denis,Kristina.Denis@specialisterne.dk
895,Nariko,Croix,Nariko.Croix@specialisterne.dk
896,Tilly,Shuler,Tilly.Shuler@specialisterne.dk
897,Alisha,Yorick,Alisha.Yorick@specialisterne.dk
898,Regina,Ader,Regina.Ader@specialisterne.dk
899,Merry,Bronk,Merry.Bronk@specialisterne.dk
900,Gianina,Skurnik,Gianina.Skurnik@specialisterne.dk
901,Elmira,Lorenz,Elmira.Lorenz@specialisterne.dk
902,Jobi,Martguerita,Jobi.Martguerita@specialisterne.dk
903,Ida,Ashok,Ida.Ashok@specialisterne.dk
904,Marcy,Garek,Marcy.Garek@specialisterne.dk
905,Judy,Berard,Judy.Berard@specialisterne.dk
906,Gusty,Tamar,Gusty.Tamar@specialisterne.dk
907,Aubrie,Hanshaw,Aubrie.Hanshaw@specialisterne.dk
908,Sherrie,Terencio,Sherrie.Terencio@specialisterne.dk
909,Vinita,Devlen,Vinita.Devlen@specialisterne.dk
910,Priscilla,My,Priscilla.My@specialisterne.dk
911,Sissy,Mitzi,Sissy.Mitzi@specialisterne.dk
912,Johna,Borrell,Johna.Borrell@specialisterne.dk
913,Debee,Isidore,Debee.Isidore@specialisterne.dk
914,Phedra,Harday,Phedra.Harday@specialisterne.dk
915,Alleen,Rad,Alleen.Rad@specialisterne.dk
916,Kary,Kussell,Kary.Kussell@specialisterne.dk
917,Emylee,Montgomery,Emylee.Montgomery@specialisterne.dk
918,Cyndie,Auberbach,Cyndie.Auberbach@specialisterne.dk
919,Ingrid,Ioab,Ingrid.Ioab@specialisterne.dk
920,Edyth,Screens,Edyth.Screens@specialisterne.dk
921,Deirdre,Iiette,Deirdre.Iiette@specialisterne.dk
922,Vinita,Kevon,Vinita.Kevon@specialisterne.dk
923,Olivette,Winthorpe,Olivette.Winthorpe@specialisterne.dk
924,Lily,Keily,Lily.Keily@specialisterne.dk
925,Oona,Vilma,Oona.Vilma@specialisterne.dk
926,Meg,Calhoun,Meg.Calhoun@specialisterne.dk
927,Demetris,Martguerita,Demetris.Martguerita@specialisterne.dk
928,Kristan,Zenas,Kristan.Zenas@specialisterne.dk
929,Lucy,Dorine,Lucy.Dorine@specialisterne.dk
930,Gusella,Cath,Gusella.Cath@specialisterne.dk
931,Jemie,Anselmi,Jemie.Anselmi@specialisterne.dk
932,Kial,Schlosser,Kial.Schlosser@specialisterne.dk
933,Rosaline,Dyche,Rosaline.Dyche@specialisterne.dk
934,Tersina,Grimbly,Tersina.Grimbly@specialisterne.dk
935,Gui,Reidar,Gui.Reidar@specialisterne.dk
936,Tabbatha,Virgin,Tabbatha.Virgin@specialisterne.dk
937,Thalia,Kussell,Thalia.Kussell@specialisterne.dk
938,Berget,Leffen,Berget.Leffen@specialisterne.dk
939,Tina,Dyche,Tina.Dyche@specialisterne.dk
940,Dacia,Reneta,Dacia.Reneta@specialisterne.dk
941,Joelly,Monaco,Joelly.Monaco@specialisterne.dk
942,Yolane,Cressida,Yolane.Cressida@specialisterne.dk
943,Binny,Borrell,Binny.Borrell@specialisterne.dk
944,Carmela,Janene,Carmela.Janene@specialisterne.dk
945,Rosaline,Bigner,Rosaline.Bigner@specialisterne.dk
946,Fredericka,McLaughlin,Fredericka.McLaughlin@specialisterne.dk
947,Wileen,Gombach,Wileen.Gombach@specialisterne.dk
948,Talya,Gaynor,Talya.Gaynor@specialisterne.dk
949,Susan,Reneta,Susan.Reneta@specialisterne.dk
950,Brietta,Tiffa,Brietta.Tiffa@specialisterne.dk
951,Frances,Saunderson,Frances.Saunderson@specialisterne.dk
952,Ginnie,Hortensia,Ginnie.Hortensia@specialisterne.dk
953,Pollyanna,Anastatius,Pollyanna.Anastatius@specialisterne.dk
954,Blinni,Kelula,Blinni.Kelula@specialisterne.dk
955,Ursulina,Franza,Ursulina.Franza@specialisterne.dk
956,Courtnay,Capello,Courtnay.Capello@specialisterne.dk
957,Clementine,Parsaye,Clementine.Parsaye@specialisterne.dk
958,Dede,Leonard,Dede.Leonard@specialisterne.dk
959,Maye,Ortrude,Maye.Ortrude@specialisterne.dk
960,Constance,Ajay,Constance.Ajay@specialisterne.dk
961,Rayna,Katrine,Rayna.Katrine@specialisterne.dk
962,Donnie,Obed,Donnie.Obed@specialisterne.dk
963,Ashlee,Thad,Ashlee.Thad@specialisterne.dk
964,Nannie,Claudine,Nannie.Claudine@specialisterne.dk
965,Kaja,Niles,Kaja.Niles@specialisterne.dk
966,Dianemarie,August,Dianemarie.August@specialisterne.dk
967,Madelle,Kress,Madelle.Kress@specialisterne.dk
968,Gilligan,Etom,Gilligan.Etom@specialisterne.dk
969,Judy,Lattie,Judy.Lattie@specialisterne.dk
970,Sissy,Dahlia,Sissy.Dahlia@specialisterne.dk
971,Tersina,Desai,Tersina.Desai@specialisterne.dk
972,Hyacinthe,Marisa,Hyacinthe.Marisa@specialisterne.dk
973,Clo,Jotham,Clo.Jotham@specialisterne.dk
974,Chastity,Bultman,Chastity.Bultman@specialisterne.dk
975,Nollie,Sholley,Nollie.Sholley@specialisterne.dk
976,Lexine,Agle,Lexine.Agle@specialisterne.dk
977,Dulce,Roarke,Dulce.Roarke@specialisterne.dk
978,Marcy,Magdalen,Marcy.Magdalen@specialisterne.dk
979,Shell,Capello,Shell.Capello@specialisterne.dk
980,Tina,Tice,Tina.Tice@specialisterne.dk
981,Ketti,Sigfrid,Ketti.Sigfrid@specialisterne.dk
982,Agnese,Jess,Agnese.Jess@specialisterne.dk
983,Aubrie,Juliet,Aubrie.Juliet@specialisterne.dk
984,Danny,Guthrie,Danny.Guthrie@specialisterne.dk
985,Aubrie,Meli,Aubrie.Meli@specialisterne.dk
986,Nerta,Abbot,Nerta.Abbot@specialisterne.dk
987,Cassandra,Azeria,Cassandra.Azeria@specialisterne.dk
988,Hannis,Amasa,Hannis.Amasa@specialisterne.dk
989,Sybille,Palocz,Sybille.Palocz@specialisterne.dk
990,Fred,Naashom,Fred.Naashom@specialisterne.dk
991,Odessa,Alrich,Odessa.Alrich@specialisterne.dk
992,Dulcinea,Dominy,Dulcinea.Dominy@specialisterne.dk
993,Darci,Ranjiv,Darci.Ranjiv@specialisterne.dk
994,Konstance,Emerson,Konstance.Emerson@specialisterne.dk
995,Tersina,Maisey,Tersina.Maisey@specialisterne.dk
996,Madalyn,Salchunas,Madalyn.Salchunas@specialisterne.dk
997,Cissiee,Cassius,Cissiee.Cassius@specialisterne.dk
998,Carmencita,Melan,Carmencita.Melan@specialisterne.dk
999,Ada,Girardo,Ada.Girardo@specialisterne.dk
1000,Edee,Sperling,Edee.Sperling@specialisterne.dk
1001,Sidoney,Stevy,Sidoney.Stevy@specialisterne.dk
1002,Sophia,Rosemary,Sophia.Rosemary@specialisterne.dk
1003,Halette,Travax,Halette.Travax@specialisterne.dk
1004,Atlanta,Primalia,Atlanta.Primalia@specialisterne.dk
1005,Fred,Sekofski,Fred.Sekofski@specialisterne.dk
1006,Isa,Leonard,Isa.Leonard@specialisterne.dk
1007,Marnia,Penelopa,Marnia.Penelopa@specialisterne.dk
1008,Gertrud,Dearborn,Gertrud.Dearborn@specialisterne.dk
1009,Mathilda,Edvard,Mathilda.Edvard@specialisterne.dk
1010,Mara,Euridice,Mara.Euridice@specialisterne.dk
1011,Jennica,Schenck,Jennica.Schenck@specialisterne.dk
1012,Donnie,Frendel,Donnie.Frendel@specialisterne.dk
1013,Cassandra,Magdalen,Cassandra.Magdalen@specialisterne.dk
1014,Eolanda,Cookie,Eolanda.Cookie@specialisterne.dk
1015,Kaia,Verger,Kaia.Verger@specialisterne.dk
1016,Phedra,Vale,Phedra.Vale@specialisterne.dk
1017,Marsiella,Anderea,Marsiella.Anderea@specialisterne.dk
1018,Cherrita,Luhe,Cherrita.Luhe@specialisterne.dk
1019,Estell,Aida,Estell.Aida@specialisterne.dk
1020,Teriann,Lea,Teriann.Lea@specialisterne.dk
1021,Nataline,Maurine,Nataline.Maurine@specialisterne.dk
1022,Alyssa,Justinn,Alyssa.Justinn@specialisterne.dk
1023,Gavrielle,Vastah,Gavrielle.Vastah@specialisterne.dk
1024,Asia,Thomasina,Asia.Thomasina@specialisterne.dk
1025,Flo,Herrera,Flo.Herrera@specialisterne.dk
1026,Lacie,Bibi,Lacie.Bibi@specialisterne.dk
1027,Stevana,Ramona,Stevana.Ramona@specialisterne.dk
1028,Agathe,Mendez,Agathe.Mendez@specialisterne.dk
1029,Caryl,Docilla,Caryl.Docilla@specialisterne.dk
1030,Ida,Brackely,Ida.Brackely@specialisterne.dk
1031,Dyann,Shirberg,Dyann.Shirberg@specialisterne.dk
1032,Evaleen,Bury,Evaleen.Bury@specialisterne.dk
1033,Dione,Fontana,Dione.Fontana@specialisterne.dk
1034,Jackie,Lindemann,Jackie.Lindemann@specialisterne.dk
1035,Jinny,Center,Jinny.Center@specialisterne.dk
1036,Thalia,Constancy,Thalia.Constancy@specialisterne.dk
1037,Alisha,Judye,Alisha.Judye@specialisterne.dk
1038,Ivett,Turne,Ivett.Turne@specialisterne.dk
1039,Codie,Berriman,Codie.Berriman@specialisterne.dk
1040,Robinia,Persse,Robinia.Persse@specialisterne.dk
1041,Jan,Bach,Jan.Bach@specialisterne.dk
1042,Cordi,Fredi,Cordi.Fredi@specialisterne.dk
1043,Tonia,Jacinda,Tonia.Jacinda@specialisterne.dk
1044,Gabriellia,Barney,Gabriellia.Barney@specialisterne.dk
1045,Melanie,Zenas,Melanie.Zenas@specialisterne.dk
1046,Adelle,Helfand,Adelle.Helfand@specialisterne.dk
1047,Anthia,Zina,Anthia.Zina@specialisterne.dk
1048,Vanessa,Leary,Vanessa.Leary@specialisterne.dk
1049,Livvyy,Mata,Livvyy.Mata@specialisterne.dk
1050,Tiffie,Calhoun,Tiffie.Calhoun@specialisterne.dk
1051,Priscilla,Lea,Priscilla.Lea@specialisterne.dk
1052,Judy,Giff,Judy.Giff@specialisterne.dk
1053,Taffy,Judye,Taffy.Judye@specialisterne.dk
1054,Sheelagh,Chabot,Sheelagh.Chabot@specialisterne.dk
1055,Ileana,Nelsen,Ileana.Nelsen@specialisterne.dk
1056,Dawn,Ietta,Dawn.Ietta@specialisterne.dk
1057,Wendi,Anastatius,Wendi.Anastatius@specialisterne.dk
1058,Lenna,Chrystel,Lenna.Chrystel@specialisterne.dk
1059,Eolanda,Lenny,Eolanda.Lenny@specialisterne.dk
1060,Ana,Keily,Ana.Keily@specialisterne.dk
1061,Lanae,Michella,Lanae.Michella@specialisterne.dk
1062,Judy,Jotham,Judy.Jotham@specialisterne.dk
1063,Genovera,Leary,Genovera.Leary@specialisterne.dk
1064,Tatiania,Hollingsworth,Tatiania.Hollingsworth@specialisterne.dk
1065,Korrie,Fairweather,Korrie.Fairweather@specialisterne.dk
1066,Carilyn,Norvol,Carilyn.Norvol@specialisterne.dk
1067,Kellen,Albertine,Kellen.Albertine@specialisterne.dk
1068,Heddie,August,Heddie.August@specialisterne.dk
1069,Trixi,Chick,Trixi.Chick@specialisterne.dk
1070,Florie,Brieta,Florie.Brieta@specialisterne.dk
1071,Deane,Croix,Deane.Croix@specialisterne.dk
1072,Jobi,Destinee,Jobi.Destinee@specialisterne.dk
1073,Sophia,Rugen,Sophia.Rugen@specialisterne.dk
1074,Juliane,Lane,Juliane.Lane@specialisterne.dk
1075,Jerry,Dominy,Jerry.Dominy@specialisterne.dk
1076,Lilith,Abbot,Lilith.Abbot@specialisterne.dk
1077,Etta,Heisel,Etta.Heisel@specialisterne.dk
1078,Dulcinea,Rustice,Dulcinea.Rustice@specialisterne.dk
1079,Di,Peti,Di.Peti@specialisterne.dk
1080,Giustina,Rugen,Giustina.Rugen@specialisterne.dk
1081,Rebeca,Jacqui,Rebeca.Jacqui@specialisterne.dk
1082,Gabi,Brackely,Gabi.Brackely@specialisterne.dk
1083,Nelle,Annabella,Nelle.Annabella@specialisterne.dk
1084,Deedee,Rad,Deedee.Rad@specialisterne.dk
1085,Kore,Danby,Kore.Danby@specialisterne.dk
1086,Johna,Zina,Johna.Zina@specialisterne.dk
1087,Allis,Bigner,Allis.Bigner@specialisterne.dk
1088,Florie,Dichy,Florie.Dichy@specialisterne.dk
1089,Wendi,Rolf,Wendi.Rolf@specialisterne.dk
1090,Constance,Pauly,Constance.Pauly@specialisterne.dk
1091,Roslyn,Rurik,Roslyn.Rurik@specialisterne.dk
1092,Emylee,Alrich,Emylee.Alrich@specialisterne.dk
1093,Allyce,Atcliffe,Allyce.Atcliffe@specialisterne.dk
1094,Corina,Lytton,Corina.Lytton@specialisterne.dk
1095,Lynde,Ellerey,Lynde.Ellerey@specialisterne.dk
1096,Mariann,Juliet,Mariann.Juliet@specialisterne.dk
1097,Sibella,Magnolia,Sibella.Magnolia@specialisterne.dk
1098,Antonietta,Philoo,Antonietta.Philoo@specialisterne.dk
1099,Ilse,Christal,Ilse.Christal@specialisterne.dk